{
  "hacks": [
    {
	  "name": "AntiCheat Bypass",
	  "desc": "Disables common anticheats",
	  "opcodes": [
	    {"addr": "0x202AAA", "on": "EB 2E", "off": "74 2E"},
		
		{"addr": "0x15FC2E", "on": "EB", "off": "74"},
		{"addr": "0x1FD335", "on": "EB", "off": "74"},
		
		{"addr": "0x1FD557", "on": "EB 0C", "off": "74 0C"},
		{"addr": "0x1FD742", "on": "C7 87 E0 02 00 00 01 00 00 00 C7 87 E4 02 00 00 00 00 00 00 90 90 90 90 90 90", "off": "80 BF DD 02 00 00 00 0F 85 0A FE FF FF 80 BF 34 05 00 00 00 0F 84 FD FD FF FF"},
	    {"addr": "0x1FD756", "on": "90 90 90 90 90 90", "off": "0F 84 FD FD FF FF"},
		{"addr": "0x1FD79A", "on": "90 90 90 90 90 90", "off": "0F 84 B9 FD FF FF"},
		{"addr": "0x1FD7AF", "on": "90 90 90 90 90 90", "off": "0F 85 A4 FD FF FF"},
		
		{"addr": "0x20D3B3", "on": "90 90 90 90 90", "off": "E8 58 04 00 00"},
	    {"addr": "0x1FF7A2", "on": "90 90", "off": "74 6E"},
		
		{"addr": "0x18B2B4", "on": "B0 01", "off": "88 D8"},
		
		{"addr": "0x20C4E6", "on": "E9 D7 00 00 00 90", "off": "0F 85 D6 00 00 00"}
	  ]
	},
	
	{
	  "name": "Force Visibility",
	  "desc": "Sets all nodes to be visible.",
	  "opcodes": [
	    {"addr": "0x60753", "lib": "libcocos2d.dll", "on": "B0 01 90", "off": "8A 45 08"},
		{"addr": "0x60C5A", "lib": "libcocos2d.dll", "on": "90 90 90 90 90 90", "off": "0F 84 CB 00 00 00"}
	  ]
	},
	
	{
	  "name": "No Rotation",
	  "desc": "Locks all rotation at 0 degrees.",
	  "opcodes": [
	    {"addr": "0x60554", "lib": "libcocos2d.dll", "on": "90 90 90 90 90 90 90 90 90 90", "off": "F3 0F 11 49 24 F3 0F 11 49 20"}
	  ]
	},
	
	{
	  "name": "Free Window Resize",
	  "desc": "Removes limits in place for window resizing.",
	  "opcodes": [
	    {"addr": "0x11388B", "lib": "libcocos2d.dll", "on": "90 90 90 90 90", "off": "E8 B0 F3 FF FF"},
		{"addr": "0x11339D", "lib": "libcocos2d.dll", "on": "B9 FF FF FF 7F 90 90", "off": "E8 EE F6 FF FF 8B C8"},
		{"addr": "0x1133C0", "lib": "libcocos2d.dll", "on": "48", "off": "50"},
		{"addr": "0x1133C6", "lib": "libcocos2d.dll", "on": "48", "off": "50"},
		{"addr": "0x112536", "lib": "libcocos2d.dll", "on": "EB 11 90", "off": "50 6A 00"}
	  ]
	},
	
	{
	  "name": "No Transition",
	  "desc": "Shorterns scene transition time to 0s, doesn't work with the transition customiser.",
	  "opcodes": [
	    {"addr": "0xA5424", "lib": "libcocos2d.dll", "on": "90 90 90 90 90", "off": "F3 0F 10 45 08"}
	  ]
	},
	
	{
	  "name": "Safe Mode",
	  "desc": "Disables progress, completion & verification of levels.",
	  "opcodes": [
	    {"addr": "0x20A3D1", "on": "E9 7B 01 00 00 90", "off": "0F 85 7A 01 00 00"},
		{"addr": "0x1FF80B", "on": "90 90 90 90 90 90 90", "off": "7D 0C E9 C2 FB FF FF"}
	  ]
	},
	
	{
	  "name": "Transparent BG",
	  "desc": "Removes the blue filter from menu's backgrounds. By WEGFan",
	  "opcodes": [
        {"addr": "0x15A174", "on": "FF", "off": "00"},
        {"addr": "0x15A175", "on": "FF", "off": "66"},
        {"addr": "0x15A16F", "on": "FF", "off": "FF"},
        {"addr": "0x15A16D", "on": "90 B1", "off": "80 C9"},
        {"addr": "0x15891D", "on": "FF", "off": "00"},
        {"addr": "0x15891E", "on": "FF", "off": "66"},
        {"addr": "0x158917", "on": "FF", "off": "FF"},
        {"addr": "0x158915", "on": "90 B1", "off": "80 C9"},
        {"addr": "0x6F7FB", "on": "FF", "off": "00"},
        {"addr": "0x6F7FC", "on": "FF", "off": "66"},
        {"addr": "0x6F7F6", "on": "FF", "off": "FF"},
        {"addr": "0x6F7F4", "on": "90 B1", "off": "80 C9"},
        {"addr": "0x1979AD", "on": "FF", "off": "00"},
        {"addr": "0x1979AE", "on": "FF", "off": "66"},
        {"addr": "0x1979A7", "on": "FF", "off": "FF"},
        {"addr": "0x1979A5", "on": "90 B1", "off": "80 C9"},
        {"addr": "0x17DBC1", "on": "FF", "off": "00"},
        {"addr": "0x17DBC2", "on": "FF", "off": "66"},
        {"addr": "0x17DBBB", "on": "FF", "off": "FF"},
        {"addr": "0x17DBB9", "on": "90 B1", "off": "80 C9"},
        {"addr": "0x176032", "on": "FF", "off": "00"},
        {"addr": "0x176033", "on": "FF", "off": "66"},
        {"addr": "0x176036", "on": "FF", "off": "FF"},
        {"addr": "0x176034", "on": "90 B1", "off": "80 C9"},
        {"addr": "0x4DF7E", "on": "FF", "off": "00"},
        {"addr": "0x4DF7F", "on": "FF", "off": "66"},
        {"addr": "0x4DF78", "on": "FF", "off": "FF"},
        {"addr": "0x4DF76", "on": "90 B1", "off": "80 C9"}
	  ]
	},
	
	{
	  "name": "Transparent Lists",
	  "desc": "Makes the menu lists transparent. By WEGFan",
	  "opcodes": [
        {"addr": "0x15C02C", "on": "00 00 00 40", "off": "BF 72 3E FF"},
        {"addr": "0x5C70A", "on": "60", "off": "FF"},
        {"addr": "0x5C6D9", "on": "20 20", "off": "A1 58"},
        {"addr": "0x5C6DC", "on": "20", "off": "2C"},
        {"addr": "0x5C6CF", "on": "40 40", "off": "C2 72"},
        {"addr": "0x5C6D2", "on": "40", "off": "3E"}
	  ]
	},
	
	{
      "name": "Fast Alt-Tab",
      "desc": "Disables savefile saving on minimize. By PoweredByPie",
      "opcodes": [
        {"addr": "0x3D02E", "on": "90 90 90 90 90 90 90", "off": "8B 03 8B CB FF 50 18"}
      ]
    },
	
	{
      "name": "Allow Low Volume",
      "desc": "Removed snapping to 0.00 setting volume to 0.03",
      "opcodes": [
        {"addr": "0x1E5D7F", "on": "EB 08", "off": "76 08"},
        {"addr": "0x1DDEC1", "on": "EB 08", "off": "76 08"}
      ]
    }
  ]
}
